{
    "test/0/accuracy_score": 0.8948655128479004,
    "test/0/f1_score": 0.731249988079071,
    "test/0/precision_score": 0.7134146094322205,
    "test/0/recall_score": 0.75,
    "test/1/accuracy_score": 0.9193153977394104,
    "test/1/f1_score": 0.6071428656578064,
    "test/1/precision_score": 0.5862069129943848,
    "test/1/recall_score": 0.6296296119689941,
    "test/2/accuracy_score": 0.9217603802680969,
    "test/2/f1_score": 0.6800000071525574,
    "test/2/precision_score": 0.6868686676025391,
    "test/2/recall_score": 0.6732673048973083,
    "test/3/accuracy_score": 0.908312976360321,
    "test/3/f1_score": 0.7457627058029175,
    "test/3/precision_score": 0.7586206793785095,
    "test/3/recall_score": 0.7333333492279053,
    "test/4/accuracy_score": 0.8129584193229675,
    "test/4/f1_score": 0.6399999856948853,
    "test/4/precision_score": 0.6476190686225891,
    "test/4/recall_score": 0.6325581669807434,
    "test/5/accuracy_score": 0.8777506351470947,
    "test/5/f1_score": 0.523809552192688,
    "test/5/precision_score": 0.585106372833252,
    "test/5/recall_score": 0.47413793206214905,
    "test/6/accuracy_score": 0.9352078437805176,
    "test/6/f1_score": 0.7644444704055786,
    "test/6/precision_score": 0.671875,
    "test/6/recall_score": 0.8865979313850403,
    "test/accuracy_score": 0.5574572086334229,
    "test/avg_loss": 0.3576980531215668,
    "test/f1_score": 0.6760716438293457,
    "test/hamming_loss": 0.10426126420497894,
    "test/mse": 24.450490951538086
}